"Metric","Value"
"MCC",0.936421356237309
"F1",0.968095238095238
"AUC",1
"TPR",0.945
"TNR",1
"PPV",1
"NPV",0.928333333333333
