"Metric","Mean","SD"
"MCC",0.71650329124483,0.215639836360498
"F1",0.810526695526696,0.13786188512514
"AUC",0.95025,0.076334507732133
"TPR",0.7575,0.189546907922631
"TNR",0.922,0.150137983673067
"PPV",0.917714285714286,0.15013729715947
"NPV",0.841011904761905,0.121003695919259
