"Noise_Level","MCC","F1","AUC","TPR","TNR","PPV","NPV"
0,0.70718864426714,0.801082251082251,0.9425,0.76,0.908,0.909047619047619,0.84475
10,0.67890174070235,0.775134920634921,0.9215,0.715,0.922,0.912166666666667,0.818142857142857
20,0.576981557166128,0.717836219336219,0.869,0.685,0.854,0.829547619047619,0.795095238095238
30,0.441683421805576,0.629414171166748,0.801530612244898,0.556122448979592,0.842857142857143,0.78452380952381,0.712342079689019
40,0.630063119824327,0.758417508417508,0.882828282828283,0.69949494949495,0.894949494949495,0.875252525252525,0.796560846560847
50,0.564389403944983,0.701595400064788,0.856377551020408,0.635204081632653,0.883673469387755,0.855952380952381,0.765063168124393
