Test,Estimate,Statistic,P_Value,Alternative_Hypothesis
Spearman,0.8770471633629527,8994.000000000007,0,two.sided
Kendall,0.7200000000000001,9.20293500677113,3.4830357164950595e-20,two.sided
