"Metric","Value"
"MCC",0.892929098062567
"F1",0.988617408665503
"AUC",0.993695652173913
"TPR",0.988115942028986
"TNR",0.90625
"PPV",0.989248165738588
"NPV",0.905709235209235
