"Gene","MeanImportance","SDImportance"
"S100A12",80.5771615010482,NA
"S100A8",80.5366891162357,NA
