"Metric","Mean","SD"
"MCC",0.906379890733589,0.0750086530536193
"F1",0.981488767318472,0.0155369518454893
"AUC",0.996200657894737,0.00565756535488937
"TPR",0.971052631578947,0.0281149961145203
"TNR",0.965,0.0689934852728938
"PPV",0.99272196343249,0.0142895949953132
"NPV",0.887325396825397,0.0992235736527685
