"Noise_Level","MCC","F1","AUC","TPR","TNR","PPV","NPV"
0,0.905878281274014,0.981349495401118,0.996513157894737,0.970526315789474,0.96625,0.992957435167962,0.885390331890332
10,0.843047310861247,0.969468785735015,0.992286184210526,0.95921052631579,0.90875,0.980983052082123,0.842309135309135
20,0.877294899271285,0.976370948454966,0.992713815789474,0.966842105263158,0.93625,0.986893301330079,0.869102813852814
30,0.850500978136755,0.970608607020632,0.986611842105263,0.956842105263158,0.93125,0.985555031515879,0.832011710511711
40,0.785990177041962,0.957255640901173,0.975904605263158,0.942105263157895,0.87875,0.974450504429961,0.783451992451992
50,0.777943295224233,0.95613598834208,0.957746710526316,0.940526315789474,0.875,0.973346296715265,0.772667388167388
