"Metric","Value"
"MCC",0.949770357236347
"F1",0.963055555555556
"AUC",0.97
"TPR",0.958
"TNR",0.97
"PPV",0.97
"NPV",0.943333333333333
