Gene,W,p_value,adjusted_p
TNF,615,0.10673251325429935,0.11301089638690519
VCAM1,918,0.1775624171971104,0.18439174093546082
CCL25,672,0.2918260458449005,0.2973321976532949
CXCL10,736,0.6697052328028471,0.6697052328028471
