"Metric","Mean","SD"
"MCC",0.90377196143353,0.0919881568476096
"F1",0.979764351398386,0.0199594783977354
"AUC",0.989366666666667,0.0147534545784286
"TPR",0.9756,0.0326078629669705
"TNR",0.935,0.097370017532368
"PPV",0.984808628408628,0.0223245906258651
"NPV",0.91552380952381,0.10545025071994
