"Gene","MeanImportance","SDImportance"
"CD177",28.1598620838885,15.8188622048882
"C3AR1",12.6317502251615,NA
"ITGAM",11.5126771595356,NA
