"Noise_Level","MCC","F1","AUC","TPR","TNR","PPV","NPV"
0,0.898312640054106,0.978560929979255,0.989166666666667,0.9744,0.93,0.983774094424094,0.912619047619048
10,0.903360551855043,0.979797355346425,0.988133333333333,0.9764,0.931666666666667,0.98406916971917,0.918095238095238
20,0.907355858052159,0.980612453141711,0.988533333333333,0.9768,0.936666666666667,0.985329222629223,0.919642857142857
30,0.886741653368537,0.975612083360349,0.990166666666667,0.9692,0.928333333333333,0.983308831908832,0.896928571428571
40,0.902823364999138,0.979543550307051,0.988766666666667,0.9756,0.933333333333333,0.984369918246005,0.915369047619048
50,0.888102306611938,0.975490795855055,0.987333333333333,0.9644,0.948333333333333,0.987808176284263,0.879511904761905
