"Metric","Value"
"MCC",0.927886003508775
"F1",0.973272727272727
"AUC",1
"TPR",0.951666666666667
"TNR",1
"PPV",1
"NPV",0.906666666666667
