"Metric","Mean","SD"
"MCC",0.919165964732091,0.0656499160674568
"F1",0.985195765618404,0.0119452604828341
"AUC",0.9940625,0.00807073003065437
"TPR",0.982631578947368,0.019869745687823
"TNR",0.9425,0.0822275114323888
"PPV",0.988179742495532,0.0167757521889616
"NPV",0.927514790764791,0.0793227561531875
