"Gene","MeanImportance","SDImportance"
"CD177",46.2262412721205,4.11604095617544
"ITGAM",17.0963547632727,5.72063449613271
"C3AR1",7.07066827936966,NA
"FCGR1A",2.57496597472924,2.99311558563673
