"Noise_Level","MCC","F1","AUC","TPR","TNR","PPV","NPV"
0,0.920882744826437,0.985764945817577,0.994391447368421,0.984210526315789,0.94,0.987654466207098,0.931996031746032
10,0.919744244920905,0.985011130122738,0.995131578947368,0.981052631578947,0.94875,0.989495586679797,0.922971861471861
20,0.915773485065638,0.984202465300374,0.993930921052632,0.978947368421053,0.95125,0.989968906153117,0.914172438672439
30,0.901757069247716,0.981853639008938,0.992483552631579,0.978947368421053,0.92875,0.985298446219499,0.913427128427128
40,0.937575517285752,0.988635442235429,0.994605263157895,0.986315789473684,0.9575,0.991243998516142,0.941744949494949
50,0.902941964080154,0.981651408552598,0.995723684210526,0.975263157894737,0.945,0.98871726594769,0.900354617604618
