"Metric","Mean","SD"
"MCC",0.913076214490806,0.0948446471460506
"F1",0.978425679949399,0.0235216024030032
"AUC",0.995,0.00952634571209037
"TPR",0.979375,0.0333037273826183
"TNR",0.928,0.104523932786958
"PPV",0.978503267973856,0.0309355579149225
"NPV",0.942809523809524,0.091262613428594
