"Noise_Level","MCC","F1","AUC","TPR","TNR","PPV","NPV"
0,0.910289544612295,0.977782243689265,0.9954375,0.97875,0.926,0.977771241830065,0.940309523809524
10,0.81154517404232,0.954809886271224,0.979125,0.96375,0.824,0.948089420856062,0.894142857142857
20,0.890002667360073,0.972758021390374,0.9933125,0.973125,0.912,0.973485294117647,0.924142857142857
30,0.869760410515118,0.96979957613544,0.9929375,0.98375,0.854,0.957623667010664,0.950309523809524
40,0.850874495270382,0.961873234676619,0.9791875,0.958125,0.892,0.968286015283306,0.889166666666667
50,0.853170990949187,0.961380465112218,0.988,0.956875,0.896,0.968979575163399,0.888664502164502
