"Metric","Mean","SD"
"MCC",0.943166962806705,0.0849790954532541
"F1",0.967373293373293,0.0532848064333587
"AUC",0.998775510204082,0.00487108686889678
"TPR",0.96,0.0863373219900808
"TNR",0.978571428571429,0.0512671830403767
"PPV",0.981071428571429,0.0453191913807003
"NPV",0.966876984126984,0.0677998523069564
