"Noise_Level","MCC","F1","AUC","TPR","TNR","PPV","NPV"
0,0.942856260024563,0.96740626040626,0.998469387755102,0.958571428571429,0.98,0.982142857142857,0.965170634920635
10,0.943403458016521,0.967635198135198,0.998775510204082,0.96,0.978571428571429,0.981805555555556,0.966638888888889
20,0.936898142528123,0.965432234432234,0.998265306122449,0.96,0.972857142857143,0.975714285714286,0.965297619047619
30,0.923744514688721,0.957574758574759,0.998163265306122,0.951428571428571,0.967142857142857,0.970535714285714,0.958563492063492
40,0.940021389083887,0.966924908424908,0.997142857142857,0.96,0.975714285714286,0.978948412698413,0.96547619047619
50,0.936390543487745,0.963074925074925,0.997040816326531,0.944285714285714,0.987142857142857,0.988571428571429,0.95293253968254
