"Metric","Value"
"MCC",0.526530962388602
"F1",0.733913475413475
"AUC",0.831166666666667
"TPR",0.74
"TNR",0.77
"PPV",0.758420634920635
"NPV",0.786654761904762
