"Gene","MeanImportance","SDImportance"
"IL10",1.45039398834993,NA
"MMP9",1.16743682824739,NA
"GATA3",0.818193174090052,0.943187925676195
"SOCS3",0.789543154190432,1.0591317774292
"MAPK14",0.706978248506968,0.239923144732794
"IL1R2",0.701116042846508,0.0135434748055138
"ARG1",0.601313897554186,0.613295440231413
"BCL2",0.161517035527482,0.229712392932805
