"Metric","Mean","SD"
"MCC",0.859037714877533,0.173304210453835
"F1",0.878787878787879,0.152489139084237
"AUC",0.995580808080808,0.0223259374955371
"TPR",0.848484848484849,0.230953496672451
"TNR",0.974747474747475,0.0757189140680165
"PPV",0.966329966329966,0.100958552090689
"NPV",0.939393939393939,0.0923813986689804
