"Noise_Level","MCC","F1","AUC","TPR","TNR","PPV","NPV"
0,0.847900003727038,0.868686868686869,0.993686868686869,0.833333333333333,0.974747474747475,0.966329966329966,0.933333333333333
10,0.864396767729118,0.886394557823129,0.992984693877551,0.872448979591837,0.964285714285714,0.952380952380952,0.948979591836735
20,0.829080659712833,0.854081632653061,0.982780612244898,0.816326530612245,0.969387755102041,0.959183673469388,0.926020408163265
30,0.892393153603784,0.905723905723906,0.982954545454545,0.873737373737374,0.987373737373737,0.983164983164983,0.94949494949495
40,0.840962909722561,0.858249158249158,0.981691919191919,0.792929292929293,0.994949494949495,0.991582491582492,0.916666666666667
50,0.821780651658167,0.852233676975945,0.982603092783505,0.829896907216495,0.956185567010309,0.938144329896907,0.930927835051546
