"Gene","MeanImportance","SDImportance"
"GATA3",11.3831928038204,NA
"IL10",11.2532923183788,NA
"MAPK14",11.1578079932707,NA
"MMP9",8.33361850940789,NA
"SOCS3",6.38402994805512,NA
"BCL2",4.74900169263382,1.70566472255776
"ARG1",4.02964668487691,0.448769232772769
"IL1R2",1.7557806501478,NA
