"Metric","Mean","SD"
"MCC",0.995842360687627,0.0292500931180037
"F1",0.999393939393939,0.00426379679200877
"AUC",1,0
"TPR",1,0
"TNR",0.993333333333333,0.0469017647120966
"PPV",0.998823529411765,0.00827678200801704
"NPV",1,0
