"Noise_Level","MCC","F1","AUC","TPR","TNR","PPV","NPV"
0,1,1,1,1,1,1,1
10,0.971824673957009,0.995718475073314,1,0.99875,0.96,0.992941176470588,0.995
20,0.958442638710192,0.993157380254154,1,0.994375,0.956666666666667,0.992352941176471,0.9775
30,0.964878403657792,0.994047531769306,0.999375,0.99375,0.97,0.994669117647059,0.974166666666667
40,0.962852935195468,0.993360703812317,1,0.991875,0.973333333333333,0.995294117647059,0.9685
50,0.872761806541082,0.980985207866138,0.993958333333333,0.98625,0.866666666666667,0.976805555555556,0.93
