Test,Estimate,Statistic,P_Value,Alternative_Hypothesis
Spearman,0.44675324675324674,15336.000000000002,7.098131500741354e-4,two.sided
Kendall,0.31717171717171716,3.419243380697357,6.279553249834882e-4,two.sided
