"Gene","MeanImportance","SDImportance"
"CD177",6.40938244958505,NA
"C3AR1",4.90383685735367,NA
"ITGAM",2.28854112540329,NA
"FCGR1A",1.895177067658,NA
