"Metric","Mean","SD"
"MCC",0.983284271247462,0.0755588065671119
"F1",0.988666666666667,0.0510759650790292
"AUC",1,0
"TPR",1,0
"TNR",0.985,0.0694494947658536
"PPV",0.981666666666667,0.0817011883333662
"NPV",1,0
