"Noise_Level","MCC","F1","AUC","TPR","TNR","PPV","NPV"
0,0.984142135623731,0.989333333333333,1,1,0.985,0.983333333333333,1
10,0.985355339059327,0.99,1,1,0.9875,0.983333333333333,1
20,1,1,1,1,1,1,1
30,0.90231313641013,0.916,0.975,0.895,0.9825,0.976666666666667,0.958
40,0.945637084989848,0.963,0.99625,0.995,0.9575,0.941666666666667,0.9975
50,0.991324555320337,0.993333333333333,1,0.995,0.995,0.995,0.998
