"Metric","Mean","SD"
"MCC",0.823997957382041,0.0980086449092237
"F1",0.980301545552271,0.010783111424491
"AUC",0.969873188405797,0.0341390273997427
"TPR",0.975507246376812,0.0176834631356662
"TNR",0.87375,0.115818071809091
"PPV",0.985407976704105,0.0131743021002391
"NPV",0.819290404040404,0.116091519707802
