"Noise_Level","MCC","F1","AUC","TPR","TNR","PPV","NPV"
0,0.824960175560252,0.980618056180319,0.970090579710145,0.976231884057971,0.8725,0.985303224777434,0.821725108225108
10,0.769946609227949,0.975222360262883,0.966675724637681,0.97304347826087,0.80625,0.977731410215503,0.7909005994006
20,0.76390179885083,0.973898389212334,0.966748188405797,0.97,0.81125,0.978215145611419,0.775555722055722
30,0.694054547379291,0.965491872685525,0.967690217391304,0.958840579710145,0.765,0.972743443113837,0.700460511710512
40,0.713059194174687,0.969008794175446,0.957490942028986,0.965797101449275,0.7625,0.972561591610506,0.731286241536242
50,0.666972035483878,0.962894670903452,0.960643115942029,0.956521739130435,0.74,0.969805439133823,0.675796314796315
