"Metric","Value"
"MCC",0.464402548356378
"F1",0.704893467643468
"AUC",0.818194444444444
"TPR",0.691666666666667
"TNR",0.751666666666667
"PPV",0.761611111111111
"NPV",0.72643253968254
