"Metric","Value"
"MCC",0.57393734161298
"F1",0.915583244849256
"AUC",0.918857142857143
"TPR",0.95
"TNR",0.552857142857143
"PPV",0.886062891554341
"NPV",0.789724386724387
