Gene,Mean_Sepsis,Mean_Control,Direction,W,p_value,effect_size,adjusted_p
HMGB1.4,7.92932872434375,7.813090810666667,Up_in_Sepsis,4781,0.05945279683888561,0.1857638888888889,0.06333015315446511
HMGB1.1,6.033619548291667,6.068440699,Down_in_Sepsis,4304,0.4958374161946371,0.06746031746031746,0.5169368807135579
HMGB1.3,7.528948088234375,7.5447709451666665,Down_in_Sepsis,4278,0.5380472035023077,0.06101190476190475,0.549256520241939
HMGB1,4.408105704088542,4.425628220547619,Down_in_Sepsis,4013,0.9630069939645992,-0.004712301587301588,0.9630069939645992
