"Metric","Value"
"MCC",0.792956891870448
"F1",0.870284604284604
"AUC",0.885869047619048
"TPR",0.862892857142857
"TNR",0.854833333333333
"PPV",0.884214285714286
"NPV",0.811166666666667
