"Metric","Mean","SD"
"MCC",0.923729925001448,0.0843856646146046
"F1",0.984041531997414,0.0169677519875391
"AUC",0.998,0.00529701438469774
"TPR",0.9776,0.025628267222114
"TNR",0.961666666666667,0.091302459821587
"PPV",0.991130341880342,0.0209563909730762
"NPV",0.919595238095238,0.0890233309984423
