"Noise_Level","MCC","F1","AUC","TPR","TNR","PPV","NPV"
0,0.922983921340319,0.983844331578785,0.9983,0.9772,0.961666666666667,0.991206267806268,0.918761904761905
10,0.920282096129515,0.983222398713986,0.997933333333333,0.9768,0.958333333333333,0.990402706552707,0.91802380952381
20,0.931911404493741,0.98537962366616,0.998633333333333,0.9776,0.973333333333333,0.99385698005698,0.92147619047619
30,0.918069513329991,0.982823360637217,0.998233333333333,0.9756,0.96,0.990775498575499,0.912571428571429
40,0.929848033886178,0.985233970511281,0.998133333333333,0.9788,0.966666666666667,0.992287749287749,0.924238095238095
50,0.919771641444868,0.982717038632147,0.997433333333333,0.974,0.966666666666667,0.992240313390313,0.909333333333333
