"Metric","Value"
"MCC",0.930387935433589
"F1",0.941955988455988
"AUC",0.98
"TPR",0.917166666666667
"TNR",0.98
"PPV",0.98
"NPV",0.945896825396825
