"Noise_Level","MCC","F1","AUC","TPR","TNR","PPV","NPV"
0,0.96385392955705,0.972229437229437,1,0.954833333333333,1,1,0.975047619047619
10,0.794653806976185,0.854227161727162,0.965882738095238,0.8595,0.923380952380952,0.885738095238095,0.906404761904762
20,0.751990665383678,0.805724275724276,0.939605753968254,0.798238095238095,0.904238095238095,0.874833333333333,0.877865079365079
30,0.716917079019045,0.783352169715806,0.935638888888889,0.729547619047619,0.929023809523809,0.888357142857143,0.837892857142857
40,0.667139969088755,0.723519480519481,0.926709523809524,0.666,0.941011904761905,0.887833333333333,0.819095238095238
50,0.620350376326163,0.68746576552699,0.901169642857143,0.589380952380952,0.924765873015873,0.873333333333333,0.774071428571429
