"Gene","MeanImportance","SDImportance"
"S100A12",5.1883,NA
"S100A9",5.11291875,NA
"S100A8",2.59789375,3.6739765748543
