"Noise_Level","MCC","F1","AUC","TPR","TNR","PPV","NPV"
0,1,1,1,1,1,1,1
10,0.949404522532204,0.961333333333333,1,0.975,0.9725,0.963333333333333,0.99
20,0.988284271247462,0.992,1,1,0.99,0.986666666666667,1
30,0.966920997883031,0.97,1,0.955,1,1,0.982
40,0.915223668864379,0.93,0.99875,0.925,0.9725,0.968333333333333,0.97
50,0.811262568988981,0.869023569023569,0.9475,0.89,0.915,0.87,0.9525
