"Metric","Value"
"MCC",0.774911134540777
"F1",0.891142857142857
"AUC",0.885833333333333
"TPR",0.933333333333333
"TNR",0.77
"PPV",0.8675
"NPV",0.928333333333333
