"Noise_Level","MCC","F1","AUC","TPR","TNR","PPV","NPV"
0,1,1,1,1,1,1,1
10,1,1,1,1,1,1,1
20,1,1,1,1,1,1,1
30,1,1,1,1,1,1,1
40,0.970332641767424,0.987777777777778,1,1,0.963333333333333,0.978,1
50,0.954802967433402,0.974603174603175,0.999166666666667,0.9575,0.996666666666667,0.998,0.9575
