Test,Estimate,Statistic,P_Value,Alternative_Hypothesis
Spearman,0.8514624213254349,10030.000000000005,0,two.sided
Kendall,0.6764161421695667,8.526126945501789,1.5132918713702285e-17,two.sided
