"Metric","Mean","SD"
"MCC",0.314232198583444,0.225799142356672
"F1",0.649880787770881,0.112180747466807
"AUC",0.735714285714286,0.114655254069619
"TPR",0.662857142857143,0.165605776286816
"TNR",0.638571428571429,0.180992248968749
"PPV",0.662405483405483,0.125129230894946
"NPV",0.666425685425685,0.141564899926841
