"Noise_Level","MCC","F1","AUC","TPR","TNR","PPV","NPV"
0,0.329333835541362,0.657168761235325,0.73469387755102,0.672857142857143,0.642857142857143,0.667439754689755,0.67749531024531
10,0.373728444134321,0.681932828437472,0.774897959183673,0.708571428571429,0.65,0.681374098124098,0.710204906204906
20,0.116759229730136,0.539181157078216,0.646530612244898,0.54,0.572857142857143,0.559591630591631,0.56143253968254
30,0.340325962487448,0.640600213511978,0.733571428571429,0.617142857142857,0.707142857142857,0.704569624819625,0.65471608946609
40,-0.0297751692289294,0.483338158247332,0.595510204081633,0.482857142857143,0.488571428571429,0.491559523809524,0.478196664446664
50,0.082846945248757,0.504744433621439,0.623571428571429,0.484285714285714,0.594285714285714,0.551180375180375,0.537390748140748
