Test,Estimate,Statistic,P_Value,Alternative_Hypothesis
Spearman,0.7626530612244897,4652.000000000001,0,two.sided
Kendall,0.5714285714285714,924,6.187748091690537e-10,two.sided
