"Metric","Mean","SD"
"MCC",0.987796447300923,0.0534620347791896
"F1",0.99,0.0438085827115181
"AUC",1,0
"TPR",0.983333333333333,0.0730143045191968
"TNR",1,0
"PPV",1,0
"NPV",0.992857142857143,0.0312918447939415
