"Noise_Level","MCC","F1","AUC","TPR","TNR","PPV","NPV"
0,0.992677868380554,0.994,1,0.99,1,1,0.995714285714286
10,0.947013605497101,0.959928571428571,0.998888888888889,0.97,0.975,0.9635,0.9875
20,0.959488423822306,0.967965367965368,1,0.956228956228956,0.993265993265993,0.98989898989899,0.981240981240981
30,0.919337973265721,0.933,0.998333333333333,0.89,1,1,0.953214285714286
40,0.941060664646032,0.953428571428571,0.999444444444444,0.936666666666667,0.99,0.985,0.972857142857143
50,0.857039250749756,0.890548340548341,0.991582491582492,0.882154882154882,0.956228956228956,0.932828282828283,0.948701298701299
