Test,Estimate,Statistic,P_Value,Alternative_Hypothesis
Spearman,0.4376623376623376,15588,9.307894058262259e-4,two.sided
Kendall,0.3023569023569024,3.259533498796419,0.0011159560102805158,two.sided
