Test,Estimate,Statistic,P_Value,Alternative_Hypothesis
Spearman,0.7890662796323172,5232.000000000003,0,two.sided
Kendall,0.6313497822931784,6.673511437999743,2.4975410777700175e-11,two.sided
