Test,Estimate,Statistic,P_Value,Alternative_Hypothesis
Spearman,0.9542453412316425,2966.000000000006,0,two.sided
Kendall,0.834855403348554,10.44856680641336,1.4875612519542827e-25,two.sided
