Test,Estimate,Statistic,P_Value,Alternative_Hypothesis
Spearman,0.9694301505622259,802.0000000000028,0,two.sided
Kendall,0.8588399720475192,9.168833767830167,4.781639367982352e-20,two.sided
