"Metric","Value"
"MCC",0.547929903837531
"F1",0.65990315526398
"AUC",0.83725
"TPR",0.5475
"TNR",0.912
"PPV",0.869214285714286
"NPV",0.725833333333333
