"Metric","Value"
"MCC",0.961622776601684
"F1",0.963333333333333
"AUC",0.98
"TPR",0.955
"TNR",0.98
"PPV",0.98
"NPV",0.97
