"Metric","Value"
"MCC",0.949030558123964
"F1",0.981776223776224
"AUC",1
"TPR",0.968333333333333
"TNR",0.995
"PPV",0.998571428571429
"NPV",0.938333333333333
