"Metric","Mean","SD"
"MCC",0.900643303362343,0.080723254836434
"F1",0.980777538707791,0.0152511011288213
"AUC",0.985566666666667,0.017979006338264
"TPR",0.9868,0.0205421468688109
"TNR",0.893333333333333,0.10989230520371
"PPV",0.97542792022792,0.0250027543533298
"NPV",0.949571428571429,0.077208343394349
