"Noise_Level","MCC","F1","AUC","TPR","TNR","PPV","NPV"
0,1,1,1,1,1,1,1
10,1,1,1,1,1,1,1
20,1,1,1,1,1,1,1
30,1,1,1,1,1,1,1
40,0.9875,0.992857142857143,1,0.9875,1,1,0.9875
50,0.972780193008454,0.984126984126984,1,0.975,0.996666666666667,0.998,0.976
