"Metric","Value"
"MCC",0.604144866598296
"F1",0.693992063492063
"AUC",0.8795
"TPR",0.6075
"TNR",0.928
"PPV",0.906833333333333
"NPV",0.764452380952381
