"Noise_Level","MCC","F1","AUC","TPR","TNR","PPV","NPV"
0,1,1,1,1,1,1,1
10,1,1,1,1,1,1,1
20,0.9575,0.975714285714286,1,0.9575,1,1,0.9575
30,0.994605934866804,0.997777777777778,1,1,0.993333333333333,0.996,1
40,0.916650446367838,0.95968253968254,0.999166666666667,0.9625,0.943333333333333,0.966,0.9625
50,0.951469634100069,0.973531746031746,0.9975,0.9575,0.993333333333333,0.9955,0.956666666666667
