"Metric","Value"
"MCC",0.924831632475944
"F1",0.952
"AUC",1
"TPR",0.923333333333333
"TNR",1
"PPV",1
"NPV",0.926666666666667
