"Metric","Mean","SD"
"MCC",0.931888480939442,0.117290855680897
"F1",0.951690476190476,0.082822453110981
"AUC",0.997222222222222,0.0121690507531995
"TPR",0.976666666666667,0.0854774666587476
"TNR",0.958333333333333,0.0866349333252951
"PPV",0.940166666666667,0.116801149041901
"NPV",0.989761904761905,0.0375707948525226
