"Noise_Level","MCC","F1","AUC","TPR","TNR","PPV","NPV"
0,0.929800720727153,0.950833333333333,0.996111111111111,0.97,0.961666666666667,0.942666666666667,0.986190476190476
10,0.922911267017583,0.942285714285714,0.996388888888889,0.94,0.973333333333333,0.960833333333333,0.973809523809524
20,0.904575879878945,0.933020683020683,0.987654320987654,0.962962962962963,0.942760942760943,0.921837421837422,0.983068783068783
30,0.817215617373286,0.868142857142857,0.971944444444444,0.9,0.913333333333333,0.869833333333333,0.955166666666667
40,0.882570646437369,0.903904761904762,0.992222222222222,0.863333333333333,0.985,0.981166666666667,0.942261904761905
50,0.772939813514603,0.830309523809524,0.9725,0.85,0.906666666666667,0.864,0.933785714285714
