"Metric","Mean","SD"
"MCC",0.74943589515256,0.0972848992423809
"F1",0.96958582110319,0.0127117480306537
"AUC",0.971322463768116,0.027744706640946
"TPR",0.957536231884058,0.0240449862925937
"TNR",0.85,0.117851130197758
"PPV",0.982418839629615,0.0135316738014842
"NPV",0.719910561660562,0.127799729348079
