"Noise_Level","MCC","F1","AUC","TPR","TNR","PPV","NPV"
0,0.744493951957333,0.96941018051868,0.971041666666667,0.958260869565217,0.84,0.981289862355603,0.720011766011766
10,0.748265184861937,0.970344012593021,0.972826086956522,0.960579710144927,0.835,0.980780887959143,0.730270146520147
20,0.695310881782867,0.962321963717307,0.965833333333333,0.948115942028986,0.81,0.97771660755573,0.668682244226362
30,0.721198694919389,0.966838557864831,0.954284420289855,0.955507246376812,0.82,0.978910081943949,0.697906121656122
40,0.735809092167197,0.967311097444787,0.966530797101449,0.95231884057971,0.8575,0.983288524670728,0.6917553002553
50,0.623264997009314,0.950394550694629,0.959610507246377,0.928260869565217,0.78625,0.974426554885753,0.575371439748762
