"Noise_Level","MCC","F1","AUC","TPR","TNR","PPV","NPV"
0,1,1,1,1,1,1,1
10,1,1,1,1,1,1,1
20,1,1,1,1,1,1,1
30,1,1,1,1,1,1,1
40,0.966120772033816,0.983650793650794,1,0.985,0.976666666666667,0.986,0.985
50,1,1,1,1,1,1,1
