"Gene","MeanImportance","SDImportance"
"MAPK14",2.03260931663954,0.379588523426117
"GATA3",1.36343762390625,0.955882147962153
"IL1R2",1.16397601945239,0.271969514642945
"MMP9",0.631399892222204,NA
"ARG1",0.564557713210723,1.05595649172036
"IL10",0.55825915382299,NA
"SOCS3",0.440663699345668,0.557685984328242
"BCL2",0.290374328148521,0.547289182777187
