"Noise_Level","MCC","F1","AUC","TPR","TNR","PPV","NPV"
0,1,1,1,1,1,1,1
10,0.998164965809277,0.998888888888889,1,0.998,1,1,0.998333333333333
20,0.998164965809277,0.998888888888889,1,0.998,1,1,0.998333333333333
30,0.921093529798922,0.956060606060606,0.998,0.952,0.962,0.968333333333333,0.96
40,0.976144555520604,0.985555555555556,1,0.974,1,1,0.978333333333333
50,0.981866263181298,0.988611111111111,1,0.98,1,1,0.983809523809524
