"Metric","Mean","SD"
"MCC",0.917859222375902,0.141266529815764
"F1",0.969424242424242,0.0535952590313137
"AUC",0.995833333333333,0.0182535761297992
"TPR",0.946666666666667,0.0913792555789789
"TNR",0.995,0.05
"PPV",0.998333333333333,0.0166666666666667
"NPV",0.898333333333333,0.1673303284906
