"Noise_Level","MCC","F1","AUC","TPR","TNR","PPV","NPV"
0,0.916020185975669,0.968545454545454,0.996666666666667,0.943333333333333,1,1,0.891666666666667
10,0.893639894963999,0.959909090909091,0.9925,0.93,0.995,0.998333333333333,0.867333333333333
20,0.933845266500674,0.974909090909091,0.998333333333333,0.955,1,1,0.915
30,0.957629610017578,0.982909090909091,0.996666666666667,0.97,1,1,0.946666666666667
40,0.94495097190832,0.981060606060606,0.996666666666667,0.966666666666667,0.995,0.998333333333333,0.931666666666667
50,0.924759381298708,0.977622377622378,0.995416666666667,0.973333333333333,0.95,0.985142857142857,0.946666666666667
