Test,Estimate,Statistic,P_Value,Alternative_Hypothesis
Spearman,0.7631027253668762,5876.000000000004,0,two.sided
Kendall,0.5994194484760521,6.336000514698606,2.3580599967165236e-10,two.sided
