"Metric","Value"
"MCC",0.705165861366022
"F1",0.812361804861805
"AUC",0.930833333333333
"TPR",0.773333333333333
"TNR",0.907142857142857
"PPV",0.895619047619048
"NPV",0.839312049062049
