"Metric","Mean","SD"
"MCC",0.90690576915692,0.086307727451391
"F1",0.950490842490842,0.0467373923426618
"AUC",0.988979591836735,0.0221708373974605
"TPR",0.955714285714286,0.0751415897050453
"TNR",0.945714285714286,0.0696902473163662
"PPV",0.951369047619048,0.0626468761376787
"NPV",0.96109126984127,0.0651055209457012
