"Noise_Level","MCC","F1","AUC","TPR","TNR","PPV","NPV"
0,0.904122833872104,0.94929304029304,0.989285714285714,0.954285714285714,0.944285714285714,0.950357142857143,0.959384920634921
10,0.89768983505932,0.947297619047619,0.990714285714286,0.97,0.921428571428571,0.931130952380952,0.972936507936508
20,0.935006198442068,0.966564048696402,0.998367346938775,0.98,0.95,0.958031746031746,0.982142857142857
30,0.869128769651293,0.931084195216548,0.986020408163265,0.934285714285714,0.927142857142857,0.936186507936508,0.940853174603175
40,0.842851364292668,0.915694139194139,0.981836734693878,0.911428571428571,0.924285714285714,0.928698412698413,0.921448412698413
50,0.917204590579576,0.953320346320346,0.984795918367347,0.941428571428571,0.97,0.972797619047619,0.950353174603175
