"Metric","Value"
"MCC",0.718459102724777
"F1",0.805660894660895
"AUC",0.932857142857143
"TPR",0.754
"TNR",0.931428571428571
"PPV",0.904849206349206
"NPV",0.852248556998557
