Test,Estimate,Statistic,P_Value,Alternative_Hypothesis
Spearman,0.9108680792891318,6520.000000000007,0,two.sided
Kendall,0.7600000000000001,9.71420917381397,2.622770257427158e-22,two.sided
