"Metric","Mean","SD"
"MCC",0.605452106736542,0.10518941559506
"F1",0.942461158678708,0.0200208511518667
"AUC",0.94723731884058,0.0294879120456749
"TPR",0.910869565217391,0.0358196427843268
"TNR",0.815,0.124974744923472
"PPV",0.977276435810467,0.0151631539144643
"NPV",0.532097217969509,0.108308893911693
