"Noise_Level","MCC","F1","AUC","TPR","TNR","PPV","NPV"
0,0.601901558117154,0.942671463476348,0.948496376811594,0.91231884057971,0.805,0.976176411575234,0.533497347552688
10,0.530857966398036,0.928812804947522,0.935,0.891304347826087,0.765,0.970609376772157,0.462029060679603
20,0.562332247919644,0.933248019516052,0.944103260869565,0.896376811594203,0.795,0.974603278872879,0.487472408105199
30,0.477756921544772,0.922504089236141,0.893170289855072,0.886521739130435,0.70125,0.962922054391761,0.430375825851883
40,0.552336099587535,0.931256407453559,0.931059782608696,0.892898550724638,0.7925,0.97417358561303,0.474875087570033
50,0.570349226951918,0.93581496008327,0.937400362318841,0.900869565217391,0.795,0.974622590048624,0.496615915698397
