Gene,Mean_Sepsis,Mean_Control,Direction,W,p_value,effect_size,adjusted_p
P2RX7,8.30755301407696,8.596932441653284,Down_in_Sepsis,1,0.060601969712006105,-0.875,0.06982400858122442
CCR2,7.100972715831528,7.347479660437303,Down_in_Sepsis,2,0.1123511976904639,-0.75,0.12669390377860823
CCR7,9.389702259554582,9.476357649014865,Down_in_Sepsis,3,0.19393085228241067,-0.625,0.21413198272849512
VCAM1,6.2351875041015,6.28996301701573,Down_in_Sepsis,5.5,0.5384723809869921,-0.3125,0.5824293100471548
IFNA2,6.382851129763822,6.318357094468137,Up_in_Sepsis,10.5,0.5613632102341237,0.3125,0.5950450028481712
IFNA1,6.234577053577515,6.245960549198765,Down_in_Sepsis,7,0.8686610629910667,-0.125,0.9027262027162066
PDCD1,7.365329916270705,7.3581278821710345,Up_in_Sepsis,8,1,0,1
BCL2,9.25748943694619,9.296012484820611,Down_in_Sepsis,8,1,0,1
