"Metric","Mean","SD"
"MCC",0.672474964036875,0.227052064719855
"F1",0.897845925118652,0.0885398370990298
"AUC",0.904401154401154,0.140452454566148
"TPR",0.862914862914863,0.138293267628557
"TNR",0.833333333333333,0.236901770739671
"PPV",0.954028379028379,0.0659953153094718
"NPV",0.708922558922559,0.232143627975682
