"Noise_Level","MCC","F1","AUC","TPR","TNR","PPV","NPV"
0,0.664685396927032,0.894248608534323,0.896137026239067,0.864431486880466,0.811224489795918,0.946938775510204,0.720238095238095
10,0.671226731930504,0.901870578401191,0.897594752186589,0.873177842565598,0.811224489795918,0.948007774538387,0.72687074829932
20,0.673222413568619,0.905412296037296,0.897693452380952,0.879464285714286,0.807291666666667,0.947048611111111,0.728125
30,0.669124801710365,0.899819907983173,0.885568513119534,0.868804664723032,0.816326530612245,0.948189990281827,0.72125850340136
40,0.593338239439789,0.878611524529892,0.852405247813411,0.845481049562682,0.760204081632653,0.931474732750243,0.665646258503401
50,0.74456001918369,0.934174069657941,0.917818740399386,0.929339477726574,0.801075268817204,0.947004608294931,0.828673835125448
