"Metric","Value"
"MCC",0.936666666666667
"F1",0.962
"AUC",1
"TPR",0.936666666666667
"TNR",1
"PPV",1
"NPV",0.936666666666667
