"Metric","Mean","SD"
"MCC",0.765478525029907,0.127925949363614
"F1",0.939953217254475,0.0315512431984975
"AUC",0.9691875,0.0282911757443907
"TPR",0.93375,0.0560567668628071
"TNR",0.832,0.165071150866785
"PPV",0.949959217897685,0.0469749301587003
"NPV",0.824059523809524,0.137447821328803
