"Noise_Level","MCC","F1","AUC","TPR","TNR","PPV","NPV"
0,0.761232198548012,0.938976013677119,0.966875,0.933125,0.828,0.948625678071498,0.821166666666667
10,0.726975642868762,0.930666816639016,0.945875,0.924375,0.804,0.940782252104621,0.792293650793651
20,0.67952182541278,0.917137783662582,0.942375,0.910625,0.766,0.929269710853302,0.761757936507937
30,0.61876602818184,0.899022212017918,0.9106875,0.885,0.74,0.920337987476919,0.700900793650794
40,0.556431576552451,0.882026733037259,0.8695625,0.866875,0.696,0.905419545066217,0.65216847041847
50,0.57044570411746,0.881872315068456,0.860125,0.855625,0.738,0.917515918163364,0.635529581529582
