Test,Estimate,Statistic,P_Value,Alternative_Hypothesis
Spearman,0.9448979591836735,8909.999999999998,0,two.sided
Kendall,0.8045763760049475,11.79929745757116,3.935836006750344e-32,two.sided
