"Metric","Value"
"MCC",0.931421356237309
"F1",0.964761904761905
"AUC",0.99875
"TPR",0.94
"TNR",1
"PPV",1
"NPV",0.923333333333333
