"Metric","Mean","SD"
"MCC",0.969451946569042,0.0617426591932114
"F1",0.982051282051282,0.037032055927871
"AUC",1,0
"TPR",0.967142857142857,0.0668981756398284
"TNR",1,0
"PPV",1,0
"NPV",0.971805555555556,0.0565102799574152
