"Noise_Level","MCC","F1","AUC","TPR","TNR","PPV","NPV"
0,0.962397914892601,0.978424908424908,0.999591836734694,0.962857142857143,0.997142857142857,0.997142857142857,0.967698412698413
10,0.953275033598526,0.974100566100566,0.998775510204082,0.97,0.98,0.982321428571429,0.974321428571429
20,0.899373001527653,0.944549284049284,0.996326530612245,0.935714285714286,0.957142857142857,0.961626984126984,0.944460317460317
30,0.948149063023863,0.971262820512821,0.996224489795918,0.964285714285714,0.98,0.982777777777778,0.969305555555556
40,0.975884572681199,0.98625641025641,0.999183673469388,0.975714285714286,0.998571428571429,0.99875,0.97875
50,0.947053148843862,0.968886113886114,0.998979591836735,0.951428571428571,0.991428571428571,0.992321428571429,0.959099206349206
