Test,Estimate,Statistic,P_Value,Alternative_Hypothesis
Spearman,0.9514594420254797,1204.0000000000011,0,two.sided
Kendall,0.8200290275761972,8.667894166597366,4.401855859160718e-18,two.sided
