"Metric","Value"
"MCC",0.643570367804986
"F1",0.816394922071393
"AUC",0.895510204081633
"TPR",0.838571428571429
"TNR",0.788571428571429
"PPV",0.815643939393939
"NPV",0.84569696969697
