"Metric","Mean","SD"
"MCC",0.981649658092773,0.0553283626190982
"F1",0.988888888888889,0.0335012605086404
"AUC",1,0
"TPR",0.98,0.0603022689155527
"TNR",1,0
"PPV",1,0
"NPV",0.983333333333333,0.0502518907629606
