"Gene","MeanImportance","SDImportance"
"ITGAM",9.36748550186088,NA
"CD177",7.62683684497549,NA
"C3AR1",2.15587327076393,NA
"FCGR1A",1.7485020568183,NA
