"Noise_Level","MCC","F1","AUC","TPR","TNR","PPV","NPV"
0,0.983484692283495,0.99,1,0.982,1,1,0.985
10,0.953134350376268,0.972888888888889,0.9988,0.956,0.994,0.994,0.962333333333333
20,0.963299316185545,0.978181818181818,0.9988,0.964,0.996,0.996666666666667,0.97
30,0.96006245798115,0.976666666666667,0.991,0.964,0.992,0.994285714285714,0.97
40,0.923578379255221,0.958636363636364,0.9932,0.964,0.952,0.961428571428571,0.97
50,0.924763598180368,0.959090909090909,0.9852,0.964,0.954,0.961666666666667,0.97
