Gene,Mean_Sepsis,Mean_Control,Direction,W,p_value,effect_size,adjusted_p
S100A12,11.906110868520834,8.537480536690476,Up_in_Sepsis,8040,3.2289101007284248e-43,0.9940476190476191,2.9060190906555824e-42
S100A8,12.89293997515625,11.023201323809523,Up_in_Sepsis,8023,9.98991264548724e-24,0.9898313492063492,4.495460690469258e-23
HMGB1.6,3.022255305890625,3.841144403309524,Down_in_Sepsis,1118,1.6193691667511242e-15,-0.722718253968254,4.858107500253373e-15
HMGB1.2,7.746333972630208,7.505025498238095,Up_in_Sepsis,5245,0.0020973517189919024,0.30084325396825395,0.00471904136773178
