"Metric","Mean","SD"
"MCC",0.636281039334377,0.249562819934885
"F1",0.75620416997968,0.17437946641983
"AUC",0.885204081632653,0.108992382140275
"TPR",0.714285714285714,0.22703830459325
"TNR",0.885714285714286,0.157296751527923
"PPV",0.864261418853256,0.175442059328299
"NPV",0.816362973760933,0.134336740831129
