"Noise_Level","MCC","F1","AUC","TPR","TNR","PPV","NPV"
0,0.66035376156096,0.771291633536532,0.874744897959184,0.721938775510204,0.902040816326531,0.883138969873664,0.821015549076774
10,0.58830441699199,0.740530671142916,0.8655,0.68,0.874,0.835428571428571,0.793690476190476
20,0.556739857966529,0.713538445681303,0.822979797979798,0.661616161616162,0.854545454545455,0.830904280904281,0.776611351611352
30,0.392425499720655,0.612020349265247,0.792424242424242,0.560606060606061,0.8,0.731770081770082,0.702417027417027
40,0.316876812539679,0.568919853294853,0.712878787878788,0.505050505050505,0.77979797979798,0.686772486772487,0.671801346801347
50,0.470710255444241,0.63569249037999,0.786479591836735,0.545918367346939,0.877551020408163,0.810762876579203,0.721659378036929
