"Metric","Value"
"MCC",0.570290422487651
"F1",0.915844598848767
"AUC",0.912657142857143
"TPR",0.952
"TNR",0.545714285714286
"PPV",0.884210397348778
"NPV",0.785190476190476
