"Metric","Mean","SD"
"MCC",0.970537853041978,0.0683039538665608
"F1",0.993804226918799,0.0154109068659569
"AUC",0.999479166666667,0.00428468180571282
"TPR",0.988125,0.0290514499194832
"TNR",1,0
"PPV",1,0
"NPV",0.955,0.10286305498481
