"Gene","MeanImportance","SDImportance"
"CD177",25.6168899862763,5.99861159934832
"C3AR1",13.1318767529095,NA
"ITGAM",3.44787612125324,NA
