"Noise_Level","MCC","F1","AUC","TPR","TNR","PPV","NPV"
0,0.965173308054522,0.993262952101662,0.999270833333333,0.98875,0.99,0.998235294117647,0.956
10,0.948217390943727,0.988879495736003,0.998958333333333,0.97875,1,1,0.9215
20,0.939288219066626,0.989667644183773,0.998645833333333,0.989375,0.946666666666667,0.990588235294118,0.9575
30,0.930498630969023,0.987645746957899,0.998020833333333,0.985625,0.946666666666667,0.990477941176471,0.9435
40,0.81284179614746,0.967007368307825,0.989583333333333,0.961875,0.856666666666667,0.974107169790993,0.846833333333333
50,0.96931984339686,0.993870967741936,0.999479166666667,0.988125,1,1,0.9525
