Test,Estimate,Statistic,P_Value,Alternative_Hypothesis
Spearman,0.9552945182158666,5251.999999999987,0,two.sided
Kendall,0.8335035750766089,11.567100751240424,6.049239155087533e-31,two.sided
