"Metric","Value"
"MCC",0.941421356237309
"F1",0.971428571428571
"AUC",1
"TPR",0.95
"TNR",1
"PPV",1
"NPV",0.933333333333333
