"Metric","Mean","SD"
"MCC",0.974164078649987,0.0594957588508083
"F1",0.994838709677419,0.0118855790057248
"AUC",1,0
"TPR",0.99,0.0230283093235919
"TNR",1,0
"PPV",1,0
"NPV",0.96,0.0921132372943676
