"Gene","MeanImportance","SDImportance"
"S100A12",20.2130715328467,0.294726235489247
"S100A8",19.6646569343066,NA
"S100A9",7.74104817518248,NA
