"Noise_Level","MCC","F1","AUC","TPR","TNR","PPV","NPV"
0,0.972549333565612,0.994516129032258,1,0.989375,1,1,0.9575
10,0.984427640741533,0.99753320683112,1,0.9975,0.986666666666667,0.997777777777778,0.99
20,0.89681985663723,0.981637923351159,0.9953125,0.975,0.94,0.989358660130719,0.897833333333333
30,0.91865516326089,0.986606861902411,0.998333333333333,0.989375,0.913333333333333,0.984799836601307,0.959166666666667
40,0.949245307078256,0.990402082973952,0.999791666666667,0.986875,0.97,0.994865196078431,0.953666666666667
50,0.86058261066598,0.976473294252477,0.988541666666667,0.976875,0.873333333333333,0.977622549019608,0.9065
