"Metric","Value"
"MCC",0.79256891996504
"F1",0.979106278871455
"AUC",0.988940217391304
"TPR",0.984492753623188
"TNR",0.77125
"PPV",0.973971493263954
"NPV",0.863718253968254
