"Noise_Level","MCC","F1","AUC","TPR","TNR","PPV","NPV"
0,0.9975,0.998571428571429,1,0.9975,1,1,0.9975
10,1,1,1,1,1,1,1
20,0.9975,0.998571428571429,1,0.9975,1,1,0.9975
30,1,1,1,1,1,1,1
40,0.992105934866804,0.996349206349206,1,0.9975,0.993333333333333,0.996,0.9975
50,0.985833333333333,0.993571428571429,0.996666666666667,0.9925,0.993333333333333,0.995,0.990833333333333
