Gene,W,p_value,adjusted_p
CD177,103,2.0463091363009361e-4,0.011050069336025056
MMP8,119,5.295994233865827e-4,0.014299184431437732
S100A12,128,0.0015293806715568317,0.02752885208802297
