Test,Estimate,Statistic,P_Value,Alternative_Hypothesis
Spearman,0.7138837467604591,19320.000000000004,0,two.sided
Kendall,0.540910773787486,6.81810151471161,9.225144968128048e-12,two.sided
