"Metric","Mean","SD"
"MCC",0.932044141954559,0.128601971989356
"F1",0.977843822843823,0.0404181295765829
"AUC",0.996666666666667,0.0164121987972443
"TPR",0.965,0.0682266967900554
"TNR",0.98,0.0984731927834662
"PPV",0.994047619047619,0.0293806752391737
"NPV",0.928333333333333,0.140655432235246
