"Gene","MeanImportance","SDImportance"
"ITGAM",8.0691164874291,NA
"CD177",8.01155348478084,NA
"FCGR1A",4.13135057167278,1.40638964819575
"C3AR1",3.57570256865502,NA
