"Noise_Level","MCC","F1","AUC","TPR","TNR","PPV","NPV"
0,0.90939143116312,0.970692307692308,0.994166666666667,0.955,0.97,0.990714285714286,0.906666666666667
10,0.922790394836869,0.975226107226107,0.9975,0.963333333333333,0.97,0.990952380952381,0.925
20,0.888548276084503,0.969020979020979,0.987083333333333,0.97,0.905,0.972857142857143,0.94
30,0.882274147618275,0.959640696004332,0.993265993265993,0.937710437710438,0.964646464646465,0.989177489177489,0.877777777777778
40,0.900238202768346,0.964146853146853,0.994166666666667,0.941666666666667,0.98,0.994047619047619,0.889
50,0.821214742002477,0.949339549339549,0.988636363636364,0.946127946127946,0.863636363636364,0.95959595959596,0.885521885521885
