Gene,W,p_value,adjusted_p
IL1R2.2,298,1.3750576520319807e-4,0.010175426625036657
MYD88,350.5,0.0013327545576878378,0.024655959317224998
C3AR1,350,0.0013064670300780166,0.024655959317224998
HMGB1,914,0.001111925301194179,0.024655959317224998
HMGB1.1,885.5,0.0033591673086150117,0.04971567616750218
