"Metric","Mean","SD"
"MCC",0.946126006220636,0.0551052886117025
"F1",0.990233397612345,0.00985226149858489
"AUC",0.995805921052632,0.00628746483253767
"TPR",0.988421052631579,0.0151103276329531
"TNR",0.9625,0.0652791209833867
"PPV",0.992272239851187,0.0133921135566849
"NPV",0.950488095238095,0.0635404921675994
