"Noise_Level","MCC","F1","AUC","TPR","TNR","PPV","NPV"
0,0.94474252910577,0.989969632055429,0.994934210526316,0.988421052631579,0.96,0.991772239851187,0.950871933621934
10,0.929666775276312,0.987198864310111,0.994819078947368,0.985263157894737,0.94875,0.9895111419062,0.93824494949495
20,0.927423247603431,0.986792863066655,0.995065789473684,0.98421052631579,0.95,0.989718305448729,0.93300974025974
30,0.942950595917316,0.989707053703989,0.995986842105263,0.987631578947368,0.96125,0.991986861454127,0.946376984126984
40,0.909914508479815,0.983940194447044,0.995723684210526,0.98421052631579,0.9225,0.983996881496881,0.931237012987013
50,0.895113034942788,0.980490929764109,0.994342105263158,0.975263157894737,0.93375,0.98628131833395,0.898036435786436
