"Gene","MeanImportance","SDImportance"
"MAPK14",6.40179776167033,NA
"S100A8",6.39561626087347,NA
"S100A12",6.25356304002334,0.158824647396257
"GATA3",6.18318264205927,NA
"IL10",5.76797337143279,NA
"CD177",4.61085899942889,2.4392517108653
"MMP9",4.06147452185644,NA
"SOCS3",3.5795276775131,NA
"S100A9",2.71200518635776,NA
"BCL2",2.48971155458295,0.983145066897875
"ARG1",1.85155287676315,0.1500282326035
"C3AR1",1.04768377678275,NA
"IL1R2",1.0428499538509,NA
"ITGAM",0.219526124984646,NA
