"Noise_Level","MCC","F1","AUC","TPR","TNR","PPV","NPV"
0,1,1,1,1,1,1,1
10,0.979211803438134,0.996969696969697,1,1,0.966666666666667,0.994117647058824,1
20,0.979211803438134,0.996969696969697,0.999895833333333,1,0.966666666666667,0.994117647058824,1
30,0.946414763510959,0.992101661779081,0.999375,0.999375,0.916666666666667,0.985294117647059,0.9975
40,0.978061132925569,0.996627565982405,0.999791666666667,0.99875,0.97,0.994705882352941,0.995
50,0.937634972124373,0.990889037433155,0.9975,0.99875,0.906666666666667,0.983521241830065,0.993333333333333
