"Noise_Level","MCC","F1","AUC","TPR","TNR","PPV","NPV"
0,1,1,1,1,1,1,1
10,0.994691690175062,0.999051808406647,1,0.99875,0.996666666666667,0.999411764705882,0.995
20,0.970274953296336,0.995394169397964,1,0.9975,0.963333333333333,0.99359477124183,0.99
30,0.98522574103775,0.997497556207234,1,0.9975,0.986666666666667,0.997647058823529,0.99
40,0.971157109850179,0.994574780058651,1,0.99125,0.99,0.998235294117647,0.965
50,0.970674003444444,0.995376344086021,1,0.9975,0.963333333333333,0.993529411764706,0.99
