"Metric","Mean","SD"
"MCC",0.851998108111756,0.0912849614073867
"F1",0.983940640191535,0.0095325877096961
"AUC",0.986875,0.0141680236944124
"TPR",0.981884057971015,0.0149076891282334
"TNR",0.88,0.117743944063533
"PPV",0.98623007610532,0.0133717079087207
"NPV",0.861304112554113,0.106200343550452
