"Noise_Level","MCC","F1","AUC","TPR","TNR","PPV","NPV"
0,0.844500209113877,0.983221720893894,0.987146739130435,0.981594202898551,0.87,0.985104304377437,0.857995670995671
10,0.840417763927952,0.983203118010969,0.986847826086957,0.983768115942029,0.85,0.982903778107586,0.871517316017316
20,0.876627803501464,0.986712896994781,0.984809782608696,0.986231884057971,0.89,0.987363576646233,0.893808080808081
30,0.825784568228207,0.98126609191255,0.982608695652174,0.980579710144928,0.845,0.982238147888233,0.850184676434677
40,0.795445126405443,0.978236120239869,0.984365942028986,0.977391304347826,0.82,0.979360539288862,0.821079725829726
50,0.753006681295646,0.973814338121683,0.972925724637681,0.973913043478261,0.77375,0.974076336540261,0.792949911199911
