"Noise_Level","MCC","F1","AUC","TPR","TNR","PPV","NPV"
0,0.867168502575902,0.977365538641155,0.990197368421053,0.984473684210526,0.85625,0.970939898975843,0.928769841269841
10,0.837222386154824,0.972500757222828,0.987664473684211,0.983684210526316,0.8125,0.962256614505749,0.925077200577201
20,0.715660889095959,0.950279878743293,0.9596875,0.955263157894737,0.73875,0.946974479035264,0.801742174492174
30,0.764756066592337,0.962045730346485,0.976085526315789,0.983421052631579,0.70875,0.942335053554954,0.913503968253968
40,0.690548983401049,0.947261427869118,0.948980263157895,0.956315789473684,0.7025,0.939648437302161,0.794187756687757
50,0.730880803534241,0.955284716490791,0.957203947368421,0.97,0.71125,0.941745389262816,0.8501056998557
