Gene,Mean_Sepsis,Mean_Control,Direction,W,p_value,effect_size,adjusted_p
CCL19,4.494716773673051,4.398826765471676,Up_in_Sepsis,896,0.11510477619711257,0.14871794871794872,0.1273499651542522
TNF,8.807243062428626,8.545114606639139,Up_in_Sepsis,920,0.17134023588215164,0.1794871794871795,0.18561858887233093
LBP,4.5270984474215625,4.455855903926346,Up_in_Sepsis,867,0.2668253930459122,0.11153846153846153,0.28316164159974355
CCL25,4.654120131447773,4.68961934438252,Down_in_Sepsis,697,0.3908310244926364,-0.10641025641025639,0.4064642654723419
CXCL10,5.804573976834088,5.682558177566599,Up_in_Sepsis,814,0.7424848710342423,0.04358974358974359,0.7570433979172666
IFNB1,4.389698539795726,4.386497088078269,Up_in_Sepsis,767.5,0.8310966099824286,-0.016025641025641024,0.8310966099824286
