"Metric","Mean","SD"
"MCC",0.961464281994822,0.075118992797895
"F1",0.980909090909091,0.0372145618854848
"AUC",0.9864,0.0340978982734518
"TPR",1,0
"TNR",0.958,0.0818720361480665
"PPV",0.965,0.0682266967900554
"NPV",1,0
