"Gene","MeanImportance","SDImportance"
"S100A9",8.54058834940608,NA
"S100A12",7.17216522255613,NA
"S100A8",2.59759530704215,3.47658746150093
