"Noise_Level","MCC","F1","AUC","TPR","TNR","PPV","NPV"
0,0.9596292478041,0.97979797979798,0.989,0.998,0.958,0.965,0.998333333333333
10,0.961464281994822,0.980909090909091,0.9788,1,0.958,0.965,1
20,0.996329931618555,0.998181818181818,1,1,0.996,0.996666666666667,1
30,0.90465119955351,0.949202408702409,0.9928,0.962,0.932,0.947583333333333,0.96847619047619
40,0.759642693042715,0.867363691863692,0.9654,0.884,0.854,0.879428571428571,0.903952380952381
50,0.880028802525354,0.932136363636364,0.98,0.92,0.952,0.956,0.932428571428571
