"Metric","Mean","SD"
"MCC",0.965830052442584,0.0851161404933341
"F1",0.972,0.0697470176039554
"AUC",1,0
"TPR",0.953333333333333,0.116245029339926
"TNR",1,0
"PPV",1,0
"NPV",0.98,0.0498192982885396
