"Noise_Level","MCC","F1","AUC","TPR","TNR","PPV","NPV"
0,0.970711473522215,0.976,1,0.96,1,1,0.982857142857143
10,0.893411342762498,0.918166666666667,0.998055555555556,0.923333333333333,0.96,0.940166666666667,0.967619047619048
20,0.93630436812406,0.946,0.999444444444444,0.913333333333333,1,1,0.963571428571429
30,0.985355736761107,0.988,1,0.98,1,1,0.991428571428571
40,0.968617167672636,0.974571428571429,1,0.96,0.998333333333333,0.9975,0.982857142857143
50,0.914337973265721,0.928,0.996111111111111,0.883333333333333,1,1,0.950714285714286
