Gene,W,p_value,adjusted_p
HMGB1,315,1.2975735324283216e-5,9.602044139969579e-4
HIF1A.2,288.5,3.7729980353588144e-4,0.013960092730827612
HIF1A,282,7.858032554574878e-4,0.014537360225963525
HMGB1.1,284,6.296238248588614e-4,0.014537360225963525
