"Noise_Level","MCC","F1","AUC","TPR","TNR","PPV","NPV"
0,1,1,1,1,1,1,1
10,0.998164965809277,0.998888888888889,1,0.998,1,1,0.998333333333333
20,1,1,1,1,1,1,1
30,0.97981462390205,0.988383838383838,1,0.984,0.994,0.995,0.986666666666667
40,0.996329931618555,0.997777777777778,1,0.996,1,1,0.996666666666667
50,0.996329931618555,0.997777777777778,1,0.996,1,1,0.996666666666667
