Test,Estimate,Statistic,P_Value,Alternative_Hypothesis
Spearman,0.9402473716759431,9662.000000000005,0,two.sided
Kendall,0.8136466707895279,11.932315415073884,8.030819946467366e-33,two.sided
