Gene,Mean_Sepsis,Mean_Control,Direction,W,p_value,effect_size,adjusted_p
IL1R2.2,7.440165860285714,7.1714072491388885,Up_in_Sepsis,962,1.3750576520319807e-4,0.526984126984127,0.010175426625036657
MYD88,10.381807709114286,9.990106714916667,Up_in_Sepsis,909.5,0.0013327545576878378,0.44365079365079363,0.024655959317224998
C3AR1,8.616339070514286,8.108191874277777,Up_in_Sepsis,910,0.0013064670300780166,0.4444444444444444,0.024655959317224998
HMGB1,7.394872161314286,7.538898984555556,Down_in_Sepsis,346,0.001111925301194179,-0.4507936507936508,0.024655959317224998
HMGB1.1,7.765477507428572,7.9325425624444446,Down_in_Sepsis,374.5,0.0033591673086150117,-0.40555555555555556,0.04971567616750218
