Test,Estimate,Statistic,P_Value,Alternative_Hypothesis
Spearman,0.8099666790077747,12832.00000000001,0,two.sided
Kendall,0.6275453535727508,7.910117773741397,2.5714550857535462e-15,two.sided
