Test,Estimate,Statistic,P_Value,Alternative_Hypothesis
Spearman,0.9232381873891307,1904.000000000003,0,two.sided
Kendall,0.7793904208998548,8.238334809668647,1.746239491841887e-16,two.sided
