"Metric","Value"
"MCC",0.914831632475944
"F1",0.946
"AUC",1
"TPR",0.913333333333333
"TNR",1
"PPV",1
"NPV",0.916666666666667
