"Metric","Value"
"MCC",0.600066874756967
"F1",0.693354094884707
"AUC",0.834
"TPR",0.57
"TNR",0.946
"PPV",0.918214285714286
"NPV",0.742369047619048
