"Metric","Value"
"MCC",0.863202491033685
"F1",0.965882783882784
"AUC",0.981071428571429
"TPR",0.964285714285714
"TNR",0.89
"PPV",0.971607142857143
"NPV",0.911666666666667
