"Metric","Mean","SD"
"MCC",0.981886158958966,0.0347274607785727
"F1",0.996704488304488,0.00631910566375066
"AUC",0.999917763157895,0.000488970715469212
"TPR",0.996315789473684,0.0099101986493818
"TNR",0.98625,0.0431369384002325
"PPV",0.997192307692308,0.00877832854585952
"NPV",0.984666666666667,0.0407799015951668
