"Gene","MeanImportance","SDImportance"
"ARG1",16.573028088041,NA
"GATA3",16.4202265333724,13.5601994093186
"IL1R2",13.7231128211954,NA
"BCL2",8.31705745099367,10.3626484566446
"MAPK14",7.41820150308625,4.80343699141149
"MMP9",2.24826859499269,NA
"IL10",0.591380818519438,NA
"SOCS3",0.463724331024719,0.244650037660552
