"Noise_Level","MCC","F1","AUC","TPR","TNR","PPV","NPV"
0,0.98138434223685,0.996560758160758,0.999934210526316,0.995789473684211,0.9875,0.997435897435897,0.982666666666667
10,0.980602591330026,0.996431035631036,0.999901315789474,0.995,0.99,0.997961538461538,0.978888888888889
20,0.981275235939701,0.996399578799579,0.999868421052632,0.993684210526316,0.99625,0.999230769230769,0.974
30,0.963192976750843,0.992773924680774,0.999720394736842,0.987105263157895,0.99375,0.998717948717949,0.948161616161616
40,0.954481896356567,0.991342546784652,0.999292763157895,0.986052631578947,0.985,0.996889338731444,0.942321428571429
50,0.965585961055923,0.993483231420073,0.999654605263158,0.99,0.98625,0.997165991902834,0.958833333333333
