Test,Estimate,Statistic,P_Value,Alternative_Hypothesis
Spearman,0.8020584968530173,13366.000000000005,0,two.sided
Kendall,0.6105146242132542,7.695447910855199,1.4099936432348641e-14,two.sided
