"Metric","Value"
"MCC",0.953994949366117
"F1",0.976666666666667
"AUC",1
"TPR",0.96
"TNR",1
"PPV",1
"NPV",0.948333333333333
