"Metric","Mean","SD"
"MCC",0.689357119726786,0.1542107145045
"F1",0.915796413863351,0.0396953239255732
"AUC",0.9416875,0.044603462957805
"TPR",0.895,0.0698799475579874
"TNR",0.814,0.182585250601941
"PPV",0.943128946045355,0.0533035167794901
"NPV",0.734380952380952,0.154446615852215
