"Noise_Level","MCC","F1","AUC","TPR","TNR","PPV","NPV"
0,0.690926533214467,0.91546477029481,0.941,0.893125,0.82,0.943959765552645,0.731507936507937
10,0.676582463333492,0.914385473432977,0.9270625,0.89625,0.798,0.937757137942897,0.728349206349206
20,0.655400299009743,0.911455311520907,0.9359375,0.90125,0.76,0.925812341940825,0.729853174603175
30,0.619894894191693,0.90378314581695,0.9198125,0.894375,0.732,0.918220549960875,0.701309523809524
40,0.604141251873302,0.888557004788635,0.9069375,0.85625,0.78,0.929679907983314,0.651071428571429
50,0.498979810748753,0.868570869427344,0.8590625,0.85625,0.644,0.888792994930766,0.617056998556999
