Gene,Mean_Sepsis,Mean_Control,Direction,W,p_value,effect_size,adjusted_p
TREM1,2.144553334170213,3.493816690857143,Down_in_Sepsis,105,1.2649666148944019e-4,-0.6808510638297872,0.0069573163819192105
CXCL8,0.17281315914893616,1.2270484992857142,Down_in_Sepsis,130,6.630622354214136e-4,-0.6048632218844985,0.01294216979070318
NLRP3,0.32562041219148935,1.1076799854285715,Down_in_Sepsis,131,7.059365340383553e-4,-0.601823708206687,0.01294216979070318
