"Gene","MeanImportance","SDImportance"
"MMP9",26.2545298300744,NA
"ARG1",19.6975741572013,8.7567467724371
"GATA3",12.2574550772073,NA
"IL10",10.971258809547,NA
"SOCS3",9.67961897524541,NA
"IL1R2",3.43685971082134,NA
"BCL2",2.76554481339522,2.92142418600537
"MAPK14",1.06944692863766,NA
