"Metric","Mean","SD"
"MCC",0.909148002453004,0.0941864968886169
"F1",0.98128367501938,0.0202545668683695
"AUC",0.9969,0.0056309031875065
"TPR",0.9804,0.0319064288509417
"TNR",0.926666666666667,0.111916274621936
"PPV",0.983122222222222,0.0255453553149172
"NPV",0.93174025974026,0.0987155546947903
