"Noise_Level","MCC","F1","AUC","TPR","TNR","PPV","NPV"
0,0.908137716527184,0.981096341100543,0.996666666666667,0.9804,0.925,0.982768518518519,0.931906926406926
10,0.910444723078957,0.981168099034486,0.997533333333333,0.9776,0.938333333333333,0.985564387464387,0.922121212121212
20,0.895158869639597,0.979025370070621,0.996133333333333,0.982,0.9,0.977068111518112,0.936121212121212
30,0.901703720607763,0.98014336298622,0.9963,0.9816,0.911666666666667,0.979506552706553,0.933978354978355
40,0.91566696064019,0.981907289080389,0.996466666666667,0.9772,0.946666666666667,0.987555815681903,0.922918831168831
50,0.928371296891073,0.984538586214628,0.996866666666667,0.9804,0.955,0.989537179487179,0.934406926406926
