"Metric","Mean","SD"
"MCC",0.900805796199407,0.0854032538515378
"F1",0.980462919013759,0.0162015834470749
"AUC",0.994266666666667,0.00890251480882996
"TPR",0.982,0.0222928171609085
"TNR",0.911666666666667,0.107138581497714
"PPV",0.979529344729345,0.0246213134884715
"NPV",0.931404761904762,0.0833066644607247
