"Noise_Level","MCC","F1","AUC","TPR","TNR","PPV","NPV"
0,0.904024433134361,0.981066180318281,0.993733333333333,0.9832,0.911666666666667,0.979575498575499,0.936761904761905
10,0.893061006832251,0.979060581155539,0.992566666666667,0.98,0.908333333333333,0.978626210826211,0.921571428571429
20,0.90729136717924,0.981884590759381,0.992833333333333,0.9844,0.913333333333333,0.979887749287749,0.93952380952381
30,0.870678709973751,0.974963154492566,0.991966666666667,0.9796,0.875,0.97104415954416,0.919357142857143
40,0.893595478127405,0.978565747809793,0.994366666666667,0.978,0.913333333333333,0.979921733821734,0.919571428571429
50,0.902527499316175,0.98089511189091,0.990433333333333,0.9836,0.908333333333333,0.978806267806268,0.93747619047619
