"Metric","Value"
"MCC",0.891001905452033
"F1",0.931404761904762
"AUC",0.988333333333333
"TPR",0.916666666666667
"TNR",0.96
"PPV",0.969333333333333
"NPV",0.937833333333333
