"Metric","Mean","SD"
"MCC",0.727655905322204,0.113930622169551
"F1",0.967898884763955,0.0140796857852993
"AUC",0.97786231884058,0.0164869851707373
"TPR",0.95768115942029,0.0239941973880915
"TNR",0.81875,0.133398421613184
"PPV",0.978789129386058,0.0153146175525422
"NPV",0.70908793983794,0.126393243079307
