"Noise_Level","MCC","F1","AUC","TPR","TNR","PPV","NPV"
0,0.724334088341944,0.967532605448369,0.977771739130435,0.957536231884058,0.81375,0.978251551695844,0.708744366744367
10,0.675967937888763,0.96202450561458,0.96695652173913,0.951449275362319,0.7725,0.973397157104841,0.66488788988789
20,0.597859270133251,0.951878300102698,0.949692028985507,0.939130434782609,0.70875,0.965626028990765,0.592483711549888
30,0.616765416814358,0.955675185347948,0.943940217391304,0.945942028985507,0.71125,0.966293724942201,0.620679875679876
40,0.661401712284227,0.963475902777436,0.958849637681159,0.960869565217391,0.71,0.966529778453594,0.693945165945166
50,0.590341613448483,0.955724787755085,0.945996376811594,0.95304347826087,0.645,0.958862946651733,0.630960983460984
