"Metric","Mean","SD"
"MCC",0.90550509832767,0.118871326457246
"F1",0.923142857142857,0.0969282920260839
"AUC",0.932777777777778,0.111193852469621
"TPR",0.876666666666667,0.161745529031303
"TNR",0.996666666666667,0.0234508823560483
"PPV",0.995,0.0351763235340724
"NPV",0.947142857142857,0.0693195124419871
