"Noise_Level","MCC","F1","AUC","TPR","TNR","PPV","NPV"
0,0.892592858539959,0.914,0.931666666666667,0.873333333333333,0.988333333333333,0.9825,0.945714285714286
10,0.897127874929354,0.917428571428571,0.937222222222222,0.876666666666667,0.99,0.985,0.947142857142857
20,0.876864745782317,0.903285714285714,0.920833333333333,0.873333333333333,0.975,0.9645,0.945714285714286
30,0.892009296008985,0.914761904761905,0.924166666666667,0.876666666666667,0.986666666666667,0.978333333333333,0.946666666666667
40,0.869145239630163,0.9,0.948888888888889,0.873333333333333,0.968333333333333,0.956666666666667,0.944333333333333
50,0.790668651737627,0.844238095238095,0.925,0.85,0.923333333333333,0.880666666666667,0.933833333333333
