"Gene","MeanImportance","SDImportance"
"S100A12",10.1895840850237,NA
"S100A8",8.88570185243635,NA
"S100A9",8.50772823205465,NA
