"Metric","Mean","SD"
"MCC",-0.118225767886522,0.235827877166107
"F1",0.429433824576427,0.129683849722199
"AUC",0.613673469387755,0.101451814817619
"TPR",0.427142857142857,0.166815023642855
"TNR",0.46,0.182269076036389
"PPV",0.439630230880231,0.126381324113417
"NPV",0.436142857142857,0.130470733756873
