"Noise_Level","MCC","F1","AUC","TPR","TNR","PPV","NPV"
0,-0.096992405241833,0.437157826307697,0.619285714285714,0.428571428571429,0.478571428571429,0.450892496392496,0.44742784992785
10,-0.0629423771601067,0.478308905834448,0.599489795918367,0.504285714285714,0.432857142857143,0.473448107448107,0.464702380952381
20,-0.215985711122249,0.364096261867638,0.656836734693877,0.342857142857143,0.447142857142857,0.379739898989899,0.397747474747475
30,0.0321276914116053,0.49024549906192,0.603877551020408,0.468571428571429,0.56,0.516984126984127,0.518511127761128
40,0.00481391198507841,0.488640378025827,0.581224489795918,0.5,0.502857142857143,0.5043556998557,0.503093073593074
50,0.0737517995919716,0.513636660724896,0.616530612244898,0.515714285714286,0.555714285714286,0.545279526029526,0.530932595182595
