"Metric","Mean","SD"
"MCC",0.471285738100334,0.234231491520036
"F1",0.695697673241791,0.134773226779853
"AUC",0.789285714285714,0.127493287284638
"TPR",0.652857142857143,0.181901135477553
"TNR",0.795714285714286,0.174969443985491
"PPV",0.785040764790765,0.156010766806855
"NPV",0.711679653679654,0.129157362012762
