"Noise_Level","MCC","F1","AUC","TPR","TNR","PPV","NPV"
0,0.470816269876871,0.698483651968946,0.789387755102041,0.662857142857143,0.788571428571429,0.773289321789322,0.71907215007215
10,0.550452834845432,0.749238598003304,0.832142857142857,0.717142857142857,0.815714285714286,0.813407287157287,0.756498196248196
20,0.300412916449145,0.59668204018204,0.730102040816326,0.557142857142857,0.727142857142857,0.68980772005772,0.630697385947386
30,0.392606883947665,0.665670029317088,0.743367346938775,0.637142857142857,0.737142857142857,0.733698412698413,0.679655483405483
40,0.397382502883909,0.666231467746619,0.73530612244898,0.624285714285714,0.758571428571429,0.736891414141414,0.678668220668221
50,0.384390429018993,0.667990964917435,0.72265306122449,0.657142857142857,0.712857142857143,0.711597402597403,0.688877705627706
