"Metric","Mean","SD"
"MCC",0.966920997883031,0.105714423071487
"F1",0.97,0.0958744970882205
"AUC",1,0
"TPR",0.955,0.143811745632331
"TNR",1,0
"PPV",1,0
"NPV",0.982,0.0575246982529323
