"Noise_Level","MCC","F1","AUC","TPR","TNR","PPV","NPV"
0,0.977947331922021,0.98,1,0.97,1,1,0.988
10,0.977947331922021,0.98,1,0.97,1,1,0.988
20,0.963245553203368,0.966666666666667,1,0.95,1,1,0.98
30,0.898879754521995,0.915666666666667,0.99375,0.89,0.985,0.975,0.9545
40,0.938263952937254,0.944666666666667,1,0.92,0.9975,0.996666666666667,0.968
50,0.963628349186764,0.967676767676768,0.998737373737374,0.954545454545455,0.997474747474748,0.996632996632997,0.981818181818182
