"Metric","Mean","SD"
"MCC",0.969432190621028,0.0451392413005884
"F1",0.994300554637397,0.00850150565280878
"AUC",0.999868421052632,0.0006478499525228
"TPR",0.992368421052632,0.0146281210176919
"TNR",0.9825,0.0470734435845636
"PPV",0.996409581646424,0.00962454412674272
"NPV",0.968611111111111,0.0588269426215724
