"Noise_Level","MCC","F1","AUC","TPR","TNR","PPV","NPV"
0,0.971041026324654,0.99455691932534,0.999901315789474,0.992368421052632,0.985,0.99691632928475,0.96875
10,0.971060988860654,0.994553501690344,0.999901315789474,0.992105263157895,0.98625,0.997165991902834,0.9675
20,0.970145643983637,0.994430793199214,0.999901315789474,0.992105263157895,0.985,0.99691632928475,0.967194444444444
30,0.968672482940115,0.994002806771228,0.999917763157895,0.989736842105263,0.9925,0.998454790823212,0.957638888888889
40,0.952845152494335,0.991258035563299,0.999555921052632,0.988684210526316,0.97125,0.994081281686545,0.953138888888889
50,0.969120874322756,0.994143392880235,0.999835526315789,0.99,0.9925,0.998448043184885,0.958166666666667
