Gene,W,p_value,adjusted_p
HIF1A,221,3.309848948122855e-4,0.01907706742102666
CD14,37,7.733946251767564e-4,0.01907706742102666
CCR2.1,35,5.864374610705306e-4,0.01907706742102666
CCR2.2,44,0.0019600967096853384,0.024197671682714954
HMGB1,208,0.001961973379679591,0.024197671682714954
HIF1A.2,210,0.0015144373218057027,0.024197671682714954
