"Metric","Mean","SD"
"MCC",0.32863509008174,0.263992417831742
"F1",0.624283337577455,0.157821201237961
"AUC",0.738367346938775,0.137044327083657
"TPR",0.597142857142857,0.194099732730715
"TNR",0.715714285714286,0.175251975734852
"PPV",0.697980158730159,0.17222874345119
"NPV",0.651239288489288,0.134748479185464
