"Noise_Level","MCC","F1","AUC","TPR","TNR","PPV","NPV"
0,0.351750845101307,0.641053980333392,0.737142857142857,0.617142857142857,0.72,0.702543650793651,0.666370185370185
10,0.368969239446405,0.665519172775951,0.764081632653061,0.66,0.692857142857143,0.6961056998557,0.690382700632701
20,0.282705103338342,0.607927476118653,0.708571428571429,0.588571428571429,0.682857142857143,0.660512626262626,0.63515404040404
30,0.300315703330688,0.62589465531029,0.703367346938775,0.621428571428571,0.664285714285714,0.667385281385281,0.650183261183261
40,0.10046009855975,0.529655295614574,0.616428571428571,0.51,0.585714285714286,0.555522005772006,0.550549783549784
50,0.231168259521278,0.596823744684707,0.687899402185116,0.598845598845599,0.621933621933622,0.624699374699375,0.618126065853339
