"Metric","Value"
"MCC",0.945208152801713
"F1",0.972380952380952
"AUC",0.99875
"TPR",0.9525
"TNR",1
"PPV",1
"NPV",0.938333333333333
