"Metric","Mean","SD"
"MCC",0.933807117696769,0.0774047939978204
"F1",0.98631079816542,0.0159233787493339
"AUC",0.998733333333333,0.00291210562085682
"TPR",0.9836,0.0248437541690486
"TNR",0.955,0.0881758013382277
"PPV",0.989589601139601,0.0201806322334138
"NPV",0.941904761904762,0.0853829575097195
