"Gene","MeanImportance","SDImportance"
"MMP9",16.9235788263422,NA
"ARG1",13.1279837418846,6.09212518165897
"S100A8",12.1025190694171,NA
"GATA3",8.80504543187694,NA
"IL10",7.28296836127137,NA
"CD177",6.13672711674931,5.12112731253297
"SOCS3",4.65224493067634,NA
"S100A12",3.46517251723183,2.72211023602266
"BCL2",1.84234266053731,1.79346665770583
"IL1R2",1.83788512235887,NA
"C3AR1",0.67607428279245,NA
"MAPK14",0.406614312838779,NA
"ITGAM",0.339056314842435,NA
"S100A9",0.286415067117924,NA
