"Noise_Level","MCC","F1","AUC","TPR","TNR","PPV","NPV"
0,0.936185677980173,0.986699824517399,0.998733333333333,0.9848,0.953333333333333,0.989249369149369,0.947738095238095
10,0.938280414123732,0.987086051343614,0.998933333333333,0.9856,0.953333333333333,0.989162108262108,0.950833333333333
20,0.945096928168396,0.988492794040693,0.9989,0.9852,0.966666666666667,0.992269800569801,0.948095238095238
30,0.944894390918382,0.988269743281928,0.998566666666667,0.9848,0.966666666666667,0.992362393162393,0.948452380952381
40,0.944022707824025,0.98805745990704,0.999133333333333,0.9844,0.966666666666667,0.992349287749288,0.947047619047619
50,0.940379525394116,0.987486047250324,0.998633333333333,0.9844,0.961666666666667,0.991161111111111,0.945952380952381
