"Metric","Mean","SD"
"MCC",0.888023103829622,0.0749427770125727
"F1",0.976578522233628,0.0164658380310205
"AUC",0.994433333333333,0.00921199384104751
"TPR",0.972,0.0308793677645018
"TNR",0.923333333333333,0.101669564456136
"PPV",0.982229914529914,0.0232687934204175
"NPV",0.902666666666667,0.0981127486857996
