"Gene","MeanImportance","SDImportance"
"S100A8",52.6378330174249,NA
"S100A12",26.8533517434157,13.492725751381
"S100A9",2.26297076846999,NA
