"Noise_Level","MCC","F1","AUC","TPR","TNR","PPV","NPV"
0,0.89695104309764,0.977859514139392,0.9942,0.9712,0.938333333333333,0.985668803418803,0.902547619047619
10,0.894941001945528,0.977469950074956,0.994366666666667,0.9692,0.943333333333333,0.986862962962963,0.894523809523809
20,0.891524041323952,0.977675155725138,0.996433333333333,0.976,0.915,0.980288888888889,0.915833333333333
30,0.894096710944121,0.977011748332721,0.988666666666667,0.968,0.945,0.987247126223213,0.892202380952381
40,0.885016066246682,0.97516888049463,0.992833333333333,0.9676,0.931666666666667,0.984032738758826,0.89077380952381
50,0.899552127248457,0.978741194002685,0.995433333333333,0.9732,0.936666666666667,0.985324501424501,0.907714285714286
