"Gene","MeanImportance","SDImportance"
"S100A9",9.43535776786661,NA
"S100A8",9.25018553593822,NA
"S100A12",9.24693073844365,NA
