"Metric","Mean","SD"
"MCC",0.826864427742988,0.183961158573345
"F1",0.945057323628752,0.0566672610038888
"AUC",0.988095238095238,0.0431439159088994
"TPR",0.921768707482993,0.0933164001350543
"TNR",0.923469387755102,0.180948828221331
"PPV",0.976919339164237,0.054750066129003
"NPV",0.840136054421769,0.1867893057905
