"Noise_Level","MCC","F1","AUC","TPR","TNR","PPV","NPV"
0,0.825938893847152,0.945200038057181,0.988945578231292,0.923469387755102,0.918367346938776,0.975461613216715,0.843537414965986
10,0.740480646417051,0.914839112777257,0.979381443298969,0.883161512027491,0.876288659793814,0.96092292587138,0.771477663230241
20,0.869761189562012,0.96495337995338,0.987083333333333,0.966666666666667,0.89,0.967380952380952,0.925
30,0.703915012579328,0.906346034917463,0.965561224489796,0.874149659863946,0.852040816326531,0.953061224489796,0.738775510204082
40,0.622333796566055,0.875234866143957,0.928872053872054,0.838383838383838,0.797979797979798,0.935281385281385,0.686363636363636
50,0.743204343829748,0.918876361733505,0.874574829931973,0.901360544217687,0.841836734693878,0.949538386783285,0.804931972789116
