"Metric","Value"
"MCC",0.959852813742386
"F1",0.979523809523809
"AUC",1
"TPR",0.965
"TNR",1
"PPV",1
"NPV",0.955
