"Metric","Value"
"MCC",0.943490327508633
"F1",0.953968253968254
"AUC",0.99828125
"TPR",0.9275
"TNR",0.9975
"PPV",0.996
"NPV",0.968888888888889
