"Metric","Mean","SD"
"MCC",0.948049333923715,0.0598707921830896
"F1",0.990478664170336,0.0107833765025272
"AUC",0.9978125,0.00444816712461303
"TPR",0.987368421052632,0.0160792129647573
"TNR",0.97,0.0667612964753584
"PPV",0.99382761718962,0.0135391116859014
"NPV",0.946444444444444,0.0668652112713621
