"Noise_Level","MCC","F1","AUC","TPR","TNR","PPV","NPV"
0,0.951623140796512,0.991135428914376,0.997598684210526,0.987894736842105,0.97375,0.99457889265784,0.948265873015873
10,0.90810369551049,0.983560710327041,0.996924342105263,0.983157894736842,0.92375,0.98444994850258,0.928176406926407
20,0.900638832286409,0.982050607252193,0.991496710526316,0.980526315789474,0.9225,0.984009616904354,0.916717171717172
30,0.909716081063769,0.983462005758436,0.992319078947368,0.98,0.93875,0.987347805394018,0.915794372294372
40,0.84650532850703,0.97194316867691,0.989934210526316,0.96921052631579,0.88125,0.975450533795282,0.871537518037518
50,0.869126933115534,0.975883030416916,0.988042763157895,0.971052631578947,0.91,0.981347098307946,0.879378787878788
