Test,Estimate,Statistic,P_Value,Alternative_Hypothesis
Spearman,0.7522991484635319,16726.00000000001,0,two.sided
Kendall,0.5831173639392816,7.350109435777403,1.980446411482862e-13,two.sided
