Test,Estimate,Statistic,P_Value,Alternative_Hypothesis
Spearman,0.7688276084502499,5734.000000000001,0,two.sided
Kendall,0.5994194484760521,6.336000514698606,2.3580599967165236e-10,two.sided
