"Metric","Mean","SD"
"MCC",0.914340128742566,0.132251147306936
"F1",0.967454545454545,0.0529169193227797
"AUC",0.9975,0.0142872173331471
"TPR",0.941666666666667,0.0928867381704521
"TNR",1,0
"PPV",1,0
"NPV",0.89,0.167874411932904
