"Gene","MeanImportance","SDImportance"
"MMP9",3.35053863436542,NA
"GATA3",2.31500443935098,NA
"MAPK14",2.26013152453827,2.23016271769596
"SOCS3",2.2148077184754,1.67752778818826
"BCL2",1.19497999192077,1.3805473133288
"IL1R2",0.987434771845436,0.837257780215766
"ARG1",0.940937229866288,NA
"IL10",0.0537313250119489,0.0149421126413187
