"Noise_Level","MCC","F1","AUC","TPR","TNR","PPV","NPV"
0,0.909247248592565,0.965636363636364,0.9975,0.938333333333333,1,1,0.883333333333333
10,0.905793785299644,0.964867132867133,0.997083333333333,0.938333333333333,0.995,0.998571428571429,0.883333333333333
20,0.899793881931723,0.963188811188811,0.9925,0.936666666666667,0.99,0.997142857142857,0.88
30,0.878936384449562,0.963715617715618,0.9925,0.956666666666667,0.92,0.976666666666667,0.913333333333333
40,0.866712422399204,0.956300699300699,0.99,0.936666666666667,0.945,0.983571428571429,0.875
50,0.837372782696328,0.959338280766852,0.988520408163265,0.972789115646258,0.831632653061224,0.95019436345967,0.933673469387755
