"Metric","Value"
"MCC",0.963306888461712
"F1",0.982606209150327
"AUC",0.998035714285714
"TPR",0.9925
"TNR",0.967142857142857
"PPV",0.97475
"NPV",0.992321428571429
