"Metric","Value"
"MCC",0.967762661866889
"F1",0.988
"AUC",1
"TPR",0.978333333333333
"TNR",1
"PPV",1
"NPV",0.958333333333333
