"Metric","Mean","SD"
"MCC",0.92649087761302,0.0812836258606966
"F1",0.95821978021978,0.0471431206272328
"AUC",0.999183673469388,0.00401931399116189
"TPR",0.935714285714286,0.0821655969528239
"TNR",0.985714285714286,0.0430730492253948
"PPV",0.987142857142857,0.0388321581673812
"NPV",0.944503968253968,0.0694306744404621
