"Noise_Level","MCC","F1","AUC","TPR","TNR","PPV","NPV"
0,0.93073236551584,0.960538461538462,0.999183673469388,0.938571428571429,0.987142857142857,0.98875,0.947083333333333
10,0.929348020470163,0.959648351648352,0.998163265306122,0.937142857142857,0.987142857142857,0.988571428571429,0.94593253968254
20,0.933145008340277,0.963387362637363,0.995612244897959,0.96,0.968571428571429,0.972242063492064,0.965575396825397
30,0.959940672984642,0.976897435897436,0.994897959183674,0.958571428571429,0.998571428571429,0.99875,0.964027777777778
40,0.928815067671668,0.961221611721612,0.994489795918367,0.952857142857143,0.971428571428571,0.97484126984127,0.95859126984127
50,0.931761408695853,0.961654761904762,0.998469387755102,0.94,0.987142857142857,0.988849206349206,0.947599206349206
