"Metric","Mean","SD"
"MCC",0.39244870621526,0.368309319770849
"F1",0.831471195471195,0.09392434317999
"AUC",0.819285714285714,0.137790752542729
"TPR",0.791428571428571,0.132246653981027
"TNR",0.635,0.368281567732235
"PPV",0.894404761904762,0.103800617747711
"NPV",0.472833333333333,0.296572782405514
