"Noise_Level","MCC","F1","AUC","TPR","TNR","PPV","NPV"
0,0.396129364402552,0.828246500973774,0.819264069264069,0.782106782106782,0.651515151515151,0.897426647426647,0.47020202020202
10,0.390169987691292,0.836363636363636,0.789434523809524,0.806547619047619,0.598958333333333,0.883854166666667,0.501388888888889
20,0.360467131113212,0.836620712620713,0.790357142857143,0.817142857142857,0.55,0.869309523809524,0.494
30,0.444210810412119,0.843399457685172,0.811953352769679,0.806122448979592,0.663265306122449,0.902551020408163,0.526530612244898
40,0.439578110851837,0.840600895702937,0.78899416909621,0.80466472303207,0.653061224489796,0.896902332361516,0.536054421768707
50,0.361713108078587,0.81159188034188,0.81733630952381,0.766369047619048,0.619791666666667,0.882638888888889,0.463541666666667
