Test,Estimate,Statistic,P_Value,Alternative_Hypothesis
Spearman,0.6927849927849927,8516.000000000002,1.5873683019844568e-8,two.sided
Kendall,0.5003367003367003,5.393838284199864,6.896829487556763e-8,two.sided
