"Metric","Value"
"MCC",0.702983684514497
"F1",0.816143578643579
"AUC",0.915
"TPR",0.8125
"TNR",0.868
"PPV",0.860642857142857
"NPV",0.868880952380952
